[
    {
        "ques_id": "c81e728d9d4c2f636f067f89cc14862c",
        "ques_info": {
            "title": "怎么样建立自信？",
            "content": "如题！",
            "answer_count": "8",
            "reward_num": -1,
            "ques_label": [
                "成长",
                "自我成长"
            ]
        },
        "staic_info": {
            "hug": "0",
            "collect": "0",
            "reply": "8个回答"
        },
        "answers_info": [
            {
                "recommend_flag": "不推荐",
                "content": " 认识自己不自信的来源。总觉得有人在背后责骂你？总是对什么事情感到羞耻？找到这些使自己不自信的来源，给它们一个称号，认识它。将这些来源告诉给朋友和爱人，大胆地表达出来。对别人说出来除是对自己勇气的提高，同时也可以获取他们的帮助，找到问题的根源。        认识自己的长处和优点。为什么要沉迷于自己失败的一面呢？没有一个人是完美的，但是每个人都有自己优秀的地方。为你拥有的特长和优点感到自豪，毕竟自己还是挺厉害的嘛～         对着镜子笑一笑，人生是积极的。给自己一个笑脸，不要对生活感到怜悯，也不要厌恶或者轻视自己。常常对镜子笑一笑，让你感到更快乐更自信。         展现自己优秀的一面。让别人认可你，让他们觉得你很厉害，你的自信就会慢慢提升的，所以去展现你自己的才艺和优点。朝着自己热情的方向前进，培养多一些爱好，多交一些良友，让你变得自信满满。      设定目标，做好准备。设定一个目标，贯注信念，专注其中。并且做好充分的准备，这样更容易让你达到目标。要经常鼓励自己，因为你就要成功了！           不要逃避和不敢面对失败。只有弱小的自卑者才会盯着自己的失败和缺点不放手，他们逃避现实，不敢自我肯定。有句名言说“现实中的恐惧，远比不上想象中的恐惧那么可怕”，所以敢于面对挑战，鼓气勇气，多试几次，你的自信心就会慢慢高涨起来。         为自己订下约束。给自己一点压力，制定一些约束，遵守这些约束。\n弥缝在参加生存训练时，就这么对自己说：不管怎么样的活动，什么都得给我尝试一遍。结果可想而知，弥缝不仅享受了其中的乐趣，还提高了自己的自信心。所以为自己订下约束，遵守约束和自我信赖，随着时间的推移你的信心就会成为你的勇气和力量。\n",
                "zan": "1",
                "shang": "0",
                "comment_count": "0"
            },
            {
                "recommend_flag": "不推荐",
                "content": "如果非要回答 我会说你干脆去吃胆····\n这种个人自信真需要建立在你了解你自己的情况下。。\n",
                "zan": "1",
                "shang": "0",
                "comment_count": "0"
            },
            {
                "recommend_flag": "不推荐",
                "content": "如果有条件，对着镜子微笑；没有镜子，就吃棒棒糖；没有棒棒糖，就在心里对自己说我是棒棒糖，我最棒。\n",
                "zan": "1",
                "shang": "0",
                "comment_count": "0"
            },
            {
                "recommend_flag": "不推荐",
                "content": "两个方法：\n正向循环。努力做好一些事情，并因为这些努力得到夸奖，从而鼓励自己更加努力、做得更好。\n自我暗示。告诉自己做得很好。反复做这一点。当然，要有自省意识，否则就成傻逼了。\n增加他人的自信也是这两种方法。\n通过情感激励和制度激励，来鼓励别人努力做好一些事情，并因为这些努力而不加保留地进行夸奖，从而鼓励对方更加努力、做得更好。\n当对方缺乏自我暗示的力量时，要反复在外部提供这种力量，直至其内化。\n",
                "zan": "1",
                "shang": "0",
                "comment_count": "0"
            },
            {
                "recommend_flag": "不推荐",
                "content": "事情有变化在所难免，但不应该成为拖延的借口。\n想想你是不是很多次决定要看完一本书，但是没有坚持下去？\n决定今天要完成某个目标，但是把时间不自觉地浪费在上网和发呆中？\n觉得每天都过得差不多，很长时间没有看到自己的进步？\n那么，停止这种浪费时间的行为吧，找出问题所在，让自己把该做的事情都按时做完。\n知道自己为什么会拖延？\n你是否总是在担心完成不了任务？\n你是一个完美主义者吗\n",
                "zan": "1",
                "shang": "0",
                "comment_count": "0"
            },
            {
                "recommend_flag": "不推荐",
                "content": "抬头挺胸收腹\n",
                "zan": "0",
                "shang": "0",
                "comment_count": "0"
            },
            {
                "recommend_flag": "不推荐",
                "content": "大哥的\n",
                "zan": "0",
                "shang": "0",
                "comment_count": "0"
            },
            {
                "recommend_flag": "不推荐",
                "content": "来啊！\n",
                "zan": "0",
                "shang": "0",
                "comment_count": "0"
            }
        ]
    },
    {
        "ques_id": "eccbc87e4b5ce2fe28308fd9f2a7baf3",
        "ques_info": {
            "title": "纠结～求助！，我想我心理不正常了…",
            "content": "lz最近喜欢一个男的，因为在大学社团一起工作，很迷恋，他的幽默风趣，他的踏实稳重… \r\n重点是！我现在有对象，因为大一的时候和高中的对象分了后随便找的一个，不是很喜欢也不是很讨厌的那种，只是不喜欢一个人那么寂寞… \r\n重点是！我现在喜欢的男的也有对象，据打听也是刚在一起的… \r\n很久都没有那么喜欢一个人了，以为自己再也找不到这种感觉了，现在满脑子都是他，也不知道该怎么面对我现在的对象了…哎，我怎么可以这",
            "answer_count": "1",
            "reward_num": -1,
            "ques_label": [
                "婚姻"
            ]
        },
        "staic_info": {
            "hug": "0",
            "collect": "0",
            "reply": "1个回答"
        },
        "answers_info": [
            {
                "recommend_flag": "不推荐",
                "content": "我想只是一种好感喔 我以前和前任在一起我也有喜欢一个男生 心理上单纯的喜欢 对方也有女友 是那种知道不可能一起但默默喜欢 也纠结我好久。所以我想你应该是一样 还有 如果还是不那么喜欢你男友的话不妨考虑清楚？不要为了寂寞就一起 也不能伤害他呀。纯粹建议\n",
                "zan": "0",
                "shang": "0",
                "comment_count": "0"
            }
        ]
    },
    {
        "ques_id": "a87ff679a2f3e71d9181a67b7542122c",
        "ques_info": {
            "title": "我不知道自己该做什么？",
            "content": "很迷茫 毕业 找工作 可是 不知道自己真正喜欢做什么 是不是很 悲哀 呢",
            "answer_count": "6",
            "reward_num": -1,
            "ques_label": [
                "婚姻"
            ]
        },
        "staic_info": {
            "hug": "1",
            "collect": "1",
            "reply": "6个回答"
        },
        "answers_info": [
            {
                "recommend_flag": "不推荐",
                "content": "我也很迷茫 这个人生必须经历的  所以从现在做起 过好每一天 活在当下 去努力做每件事 到时候你就会发现自己应该做什么了\n",
                "zan": "2",
                "shang": "0",
                "comment_count": "0"
            },
            {
                "recommend_flag": "不推荐",
                "content": "这个是很正常的吖。每个人都需要时间来摸索，那些一开始就清楚方向的毕竟是少数。\n而且这个还和国内教育体制有关，有些脱离现实需求。\n不妨暂时先找一份自己可以接受的工作，然后再慢慢找感觉。\n",
                "zan": "1",
                "shang": "0",
                "comment_count": "0"
            },
            {
                "recommend_flag": "不推荐",
                "content": "我却正相反呢，我特想去博物馆工作，可是那是事业单位要考试，我盼星星盼月亮盼来了博物馆招聘的考试，报名成功，我非常用心的准备，居然笔试通过了，面试我花了两千去报面试班，求神拜佛的，最后还是被刷下来了。。。我当时的心情。。真是绝望。。有没有内幕我不想知道，现在开始彻底迷茫是真的。。。\n",
                "zan": "0",
                "shang": "0",
                "comment_count": "0"
            },
            {
                "recommend_flag": "不推荐",
                "content": "我这样，我身边的朋友百分之九十都这样，没什么好悲哀的。\n",
                "zan": "0",
                "shang": "0",
                "comment_count": "0"
            },
            {
                "recommend_flag": "不推荐",
                "content": "同意@清秋的建议。\n",
                "zan": "0",
                "shang": "0",
                "comment_count": "0"
            },
            {
                "recommend_flag": "不推荐",
                "content": "如果你知道了告诉我好不，我也快了。\n",
                "zan": "0",
                "shang": "0",
                "comment_count": "0"
            }
        ]
    },
    {
        "ques_id": "1679091c5a880faf6fb5e6087eb1b2dc",
        "ques_info": {
            "title": "觉得活着好累，没意思",
            "content": "前几天，在医院突然昏倒，也不知道昏了多久。然后来了一帮人，像电视剧里经常看到的那样，不断的喊我的名字，摇我，用冰袋刺激我，把我弄醒。可是那时候我好累啊，好不舒服，好想睡。然后后面终于醒了过来，折腾了好久就回家了。可是，回来以后，我就很怀念昏过去之后的那种感觉，就是沉沉的一下子，然后什么感觉都没有了。对比他们把我弄醒的痛苦，我觉得，昏着好轻松，而活着好累啊。\r\n我现在脑子里总是有这种想法，而且觉得特别累，呼吸，心跳都让我觉得好有负担。\r\n可是我知道自己这种想法是非常不健康的，我试图，却不知道该怎样转换我的想法。怎么办？事情多得一塌糊涂，可是自己却沉浸在这种消极的情绪中不能自拔。",
            "answer_count": "1",
            "reward_num": -1,
            "ques_label": [
                "治疗"
            ]
        },
        "staic_info": {
            "hug": "0",
            "collect": "0",
            "reply": "1个回答"
        },
        "answers_info": [
            {
                "recommend_flag": "不推荐",
                "content": "祝你好运，有时我也觉得这样。。。\n",
                "zan": "0",
                "shang": "0",
                "comment_count": "0"
            }
        ]
    },
    {
        "ques_id": "8f14e45fceea167a5a36dedd4bea2543",
        "ques_info": {
            "title": "如何不露声色的对付爱挑衅的前女友?",
            "content": "他的前女友，我也认识。",
            "answer_count": "3",
            "reward_num": -1,
            "ques_label": [
                "恋爱",
                "依赖依恋"
            ]
        },
        "staic_info": {
            "hug": "0",
            "collect": "0",
            "reply": "3个回答"
        },
        "answers_info": [
            {
                "recommend_flag": "不推荐",
                "content": "她只是过去式,用不着\"对付\"\n",
                "zan": "0",
                "shang": "0",
                "comment_count": "0"
            },
            {
                "recommend_flag": "不推荐",
                "content": "你已经说了嘛，不露声色。。。\n",
                "zan": "0",
                "shang": "0",
                "comment_count": "0"
            },
            {
                "recommend_flag": "不推荐",
                "content": "小组长自从你换了名字，难道你在扮演一个。。。女人么。。。我操这到底什么情况啊。你是个哑巴吗\n",
                "zan": "0",
                "shang": "0",
                "comment_count": "0"
            }
        ]
    },
    {
        "ques_id": "c9f0f895fb98ab9159f51fd0297e236d",
        "ques_info": {
            "title": "虐待猫狗的人是不是心理都有病？！",
            "content": "心理阴暗。没爱心。欺负弱小。性格冷漠。不喜欢就算了还伤害虐待他们。（虐待猫狗的人，最近这类新闻实在是太多了）",
            "answer_count": "8",
            "reward_num": -1,
            "ques_label": [
                "热点",
                "公共事件"
            ]
        },
        "staic_info": {
            "hug": "0",
            "collect": "0",
            "reply": "8个回答"
        },
        "answers_info": [
            {
                "recommend_flag": "不推荐",
                "content": "属于现在社会的“正常人”。\n现在社会自私，人们只为自己而活，不曾为他人着想。\n若是有良心非自私自利的人，会设身处地。\n如果他以猫的角度想想，他大概不会舒服。\n",
                "zan": "1",
                "shang": "0",
                "comment_count": "0"
            },
            {
                "recommend_flag": "不推荐",
                "content": "虐待小动物最可恶了。\n",
                "zan": "0",
                "shang": "0",
                "comment_count": "0"
            },
            {
                "recommend_flag": "不推荐",
                "content": "确实很讨厌。没有同情心。把他们用同样方式虐待下，他们就高兴了，就知道欺负比自己弱的。\n",
                "zan": "0",
                "shang": "0",
                "comment_count": "0"
            },
            {
                "recommend_flag": "不推荐",
                "content": "脾气暴躁    我家就有一个    没办法\n",
                "zan": "0",
                "shang": "0",
                "comment_count": "0"
            },
            {
                "recommend_flag": "不推荐",
                "content": "- -是胆小懦弱的人！ 没办法虐人。。就虐动物了。（不排除有病）\n",
                "zan": "0",
                "shang": "0",
                "comment_count": "0"
            },
            {
                "recommend_flag": "不推荐",
                "content": "比较压抑吧~有暴力倾向\n",
                "zan": "0",
                "shang": "0",
                "comment_count": "0"
            },
            {
                "recommend_flag": "不推荐",
                "content": "有没有病我不知道，至少我知道他们缺少修养和同情心\n",
                "zan": "0",
                "shang": "0",
                "comment_count": "0"
            },
            {
                "recommend_flag": "不推荐",
                "content": "心理扭曲的人，现在太多了。\n这个跟学历知识能力无关。\n",
                "zan": "0",
                "shang": "0",
                "comment_count": "0"
            }
        ]
    },
    {
        "ques_id": "45c48cce2e2d7fbdea1afc51c7c6ad26",
        "ques_info": {
            "title": "是不是工作了踏入社会的人就不相信爱情了？",
            "content": "LZ最近喜欢上很喜欢很喜欢一个比我大8岁的男生，LZ今年21，我觉得他对我应该也是有感觉的，但是他一直有点逃避的感觉。LZ是个很看得开的人，是那种只要是互相喜欢，没车没房但是衣食无忧就够了的那种人啊，LZ对他很好啊，为什么他就是在躲呢？我昨天听些师哥师姐说踏入社会就没有爱情了，是不是真的是这样，LZ好难过好恐慌。。。",
            "answer_count": "4",
            "reward_num": -1,
            "ques_label": [
                "恋爱",
                "单身"
            ]
        },
        "staic_info": {
            "hug": "0",
            "collect": "0",
            "reply": "4个回答"
        },
        "answers_info": [
            {
                "recommend_flag": "不推荐",
                "content": "踏入社会，爱情已经不再是我们以前认为的爱情\n",
                "zan": "0",
                "shang": "0",
                "comment_count": "0"
            },
            {
                "recommend_flag": "不推荐",
                "content": "我工作了，我也不相信爱情，跟工作不工作没关系，是因为以前恋爱失败伤心过，所以我尽量不去恋爱，就算有感觉也尽量让感觉消失。我同意那个男生，而且你还那么小，根本就不可能，恋爱为什么啊，懂得对方的痛苦和快乐可以互相鼓励支持嘛，可是他的世界你懂吗？不懂！你的世界他懂吗？更不懂！有感觉就在一起吗，那是冲动，最后分手为结局，互相伤害，何必呢。。。\n",
                "zan": "0",
                "shang": "0",
                "comment_count": "0"
            },
            {
                "recommend_flag": "不推荐",
                "content": "他逃避，也许是觉得自己目前无法给你安定生活，不想耽误你的青春呢？\n如果你确定并且肯定自己的内心坚持，那么就找他认真的谈一谈\n首先你要确定，你不是一时的兴起，你不是新鲜而已，一个成熟的男人不会让喜欢的女人难过，但是更重要的是他不允许自己的一时兴起而打扰了你\n其次，为什么你说工作以后并相信爱情呢？现实生活里其实有爱情并不够，因为你还要生活生存。有的人也许喜欢先要了爱情再说，大不了一起奋斗，可是还有很多人希望在自己拥有了安定的足够让别人心无旁骛生活的底牌以后，再去考虑是否给你幸福\n",
                "zan": "0",
                "shang": "0",
                "comment_count": "0"
            },
            {
                "recommend_flag": "不推荐",
                "content": "为什么要恐慌呢？\n如果你相信真爱，就一直一直坚持地相信下去，只有坚持的人，最后才有真爱。\n至于那个逃避的男士，或者他有难言之隐，或者内心不自信。但是对于你来说，只要记住一点，真正喜欢你的人，一定不会逃避。\n所以，等待或找到那个真正喜欢你的人吧。\n",
                "zan": "0",
                "shang": "0",
                "comment_count": "0"
            }
        ]
    },
    {
        "ques_id": "d3d9446802a44259755d38e6d163e820",
        "ques_info": {
            "title": "你学会怎么经营爱情了吗?",
            "content": "没谈恋爱的时候,以为自己什么都懂,以为自己会如鱼得水````` \r\n真的碰到那个人,才发觉自己什么都不会,手足无措,像个小学生,感情的道路上磕磕碰碰...爱情,要怎么经营呢",
            "answer_count": "6",
            "reward_num": -1,
            "ques_label": [
                "婚姻"
            ]
        },
        "staic_info": {
            "hug": "0",
            "collect": "0",
            "reply": "6个回答"
        },
        "answers_info": [
            {
                "recommend_flag": "推荐",
                "content": "爱情不是1+1=2，而是0.5+0.5=1\n两人各削去一半自己的个性和缺点，然后凑合在一起才完整。如果没有相互的忍让和包容，很难最终两个人成为一体而各分东西。\n",
                "zan": "2",
                "shang": "0",
                "comment_count": "0"
            },
            {
                "recommend_flag": "不推荐",
                "content": "爱他不要多，每天一点点。糖吃多了会腻，爱给的多了同样也会腻。适当的给自己彼此个人空间。更重要的是不断提升个人，是自己变得更优秀。你是什么样子的人便会吸引什么样子的人。所以你做的最有意义的事情就是学会让自己变得更优秀。\n",
                "zan": "0",
                "shang": "0",
                "comment_count": "0"
            },
            {
                "recommend_flag": "不推荐",
                "content": "先学会爱自己\n",
                "zan": "0",
                "shang": "0",
                "comment_count": "0"
            },
            {
                "recommend_flag": "不推荐",
                "content": "遇到合适的那个人不需要刻意的经营喔，做个好人找个好人\n",
                "zan": "0",
                "shang": "0",
                "comment_count": "0"
            },
            {
                "recommend_flag": "不推荐",
                "content": "我没学会如何经营，我倒是知道怎么破坏╮(￣▽￣\")╭\n",
                "zan": "0",
                "shang": "0",
                "comment_count": "0"
            },
            {
                "recommend_flag": "不推荐",
                "content": "所有的真爱中的无奈  都会使你陷入困境  但请坚信他是爱你的就好！他会包容你的一切！\n",
                "zan": "0",
                "shang": "0",
                "comment_count": "0"
            }
        ]
    },
    {
        "ques_id": "6512bd43d9caa6e02c990b0a82652dca",
        "ques_info": {
            "title": "失眠，怎么办?",
            "content": "我自从生了孩子2002年就失眠，到现在是有时严重有时轻松。一直是浅睡眠多梦，难入睡。现在还健忘，最近有脱发严重。",
            "answer_count": "4",
            "reward_num": -1,
            "ques_label": [
                "治疗",
                "躯体反应",
                "心理咨询"
            ]
        },
        "staic_info": {
            "hug": "0",
            "collect": "0",
            "reply": "4个回答"
        },
        "answers_info": [
            {
                "recommend_flag": "不推荐",
                "content": "睡前喝牛奶，睡前想的事在梦中也会继续。所以睡前想点好的吧\n",
                "zan": "0",
                "shang": "0",
                "comment_count": "0"
            },
            {
                "recommend_flag": "不推荐",
                "content": "尽量让自己放松,平时多做些运动,再试试食疗,多管起下....\n",
                "zan": "0",
                "shang": "0",
                "comment_count": "0"
            },
            {
                "recommend_flag": "不推荐",
                "content": "困了就再睡，\n",
                "zan": "0",
                "shang": "0",
                "comment_count": "0"
            },
            {
                "recommend_flag": "不推荐",
                "content": "这个是不是传说中的产后忧郁症啊……在书里面有看到……\n",
                "zan": "0",
                "shang": "0",
                "comment_count": "0"
            }
        ]
    },
    {
        "ques_id": "c20ad4d76fe97759aa27a0c99bff6710",
        "ques_info": {
            "title": "忘不了伤心的事情",
            "content": "我现在一直忘不了和第一个男朋友在一起的伤心的事情，现在我有心男朋友了，我一直不敢和他提我以前的事情，又怕他有一天知道了我以前的事情而离开我，我现在心里很矛盾，要不要告诉我现在的男朋友，告诉他，怕他嫌弃我，离开我，不告诉他，怕他有一天知道了也会离开我~~~~",
            "answer_count": "11",
            "reward_num": -1,
            "ques_label": [
                "情绪",
                "疗愈方法",
                "情绪调节"
            ]
        },
        "staic_info": {
            "hug": "0",
            "collect": "0",
            "reply": "11个回答"
        },
        "answers_info": [
            {
                "recommend_flag": "不推荐",
                "content": "你有没有对我说谎！！！\n",
                "zan": "1",
                "shang": "0",
                "comment_count": "0"
            },
            {
                "recommend_flag": "不推荐",
                "content": "不忘记过去，你无法拥有幸福的开始。建议你看看秒速五厘米\n",
                "zan": "0",
                "shang": "0",
                "comment_count": "0"
            },
            {
                "recommend_flag": "不推荐",
                "content": "对于初恋谁都会铭记在心。当你遇到了新的伴侣就要面对新的生活，有些念头必须抛弃，当然现在的人如果真正爱你是应该去接受你的一切的。而不是责怪你的过去。更应该好好的疼爱你，让你知道这次选择是对的。值得的。否则不配拥有你的心！\n",
                "zan": "0",
                "shang": "0",
                "comment_count": "0"
            },
            {
                "recommend_flag": "不推荐",
                "content": "和前男友的伤心事情早该忘记,跟任何人都不要再提起,好好珍惜身边人\n",
                "zan": "0",
                "shang": "0",
                "comment_count": "0"
            },
            {
                "recommend_flag": "不推荐",
                "content": "用责任心来判断这件事，为了你好他好。想通了就好。\n",
                "zan": "0",
                "shang": "0",
                "comment_count": "0"
            },
            {
                "recommend_flag": "不推荐",
                "content": "不用这么踌躇，倘若问起，诚实回答。。倘若不问也可以选择不说。。而你再爱他，后面他的态度毕竟是他自己决定，你倘若什么是都因害怕失去而这样自我恐慌，那你会很累。。祝你好运\n",
                "zan": "0",
                "shang": "0",
                "comment_count": "0"
            },
            {
                "recommend_flag": "不推荐",
                "content": "最好不要提起!\n",
                "zan": "0",
                "shang": "0",
                "comment_count": "0"
            },
            {
                "recommend_flag": "不推荐",
                "content": "不要故意欺骗就可以了\n",
                "zan": "0",
                "shang": "0",
                "comment_count": "0"
            },
            {
                "recommend_flag": "不推荐",
                "content": "我觉得要说 不说的话 心里老有一个坎儿 你告诉他你爱的是他 然后说可以说说你前男友吗  ，让说就说  不让说就不说\n",
                "zan": "0",
                "shang": "0",
                "comment_count": "0"
            },
            {
                "recommend_flag": "不推荐",
                "content": "那就不要告诉他，用一个善意的谎言\n",
                "zan": "0",
                "shang": "0",
                "comment_count": "0"
            },
            {
                "recommend_flag": "不推荐",
                "content": "在心里说：“忘掉过去，我爱你”，每天都在心里说无数遍。\n",
                "zan": "0",
                "shang": "0",
                "comment_count": "0"
            }
        ]
    }
]